;;;Gurobi;;;;;Hexaly;;;;;;MAB;;;;;BVNS;;;;
Group;Instance;Vmin;Error;TTB;Cpu T.;Optimal;Desv;Error;TTB;Cpu T. Parl;Optimal;Feasible/opt;Desv;Error;TTB;Cpu T.;Optimal;Desv;Error;TTB;Cpu T.;Optimal;Desv
big;129-Randomized_edges-0.25-can__161.hwb;1;;;;;-50,00%;4;1;600;FALSE;HxSolutionStatus.FEASIBLE;150,00%;4;96;602,592;FALSE;150,00%;1,01;61;600;FALSE;0,00%
big;137-Randomized_edges-0.25-dwt__198.hwb;1;;;;;-50,00%;2;173;600;FALSE;HxSolutionStatus.FEASIBLE;50,00%;3;36;601,855;FALSE;100,00%;1,002;60;600;FALSE;0,00%
big;140-Randomized_edges-0.25-dwt__234.hwb;0;;;;;0,00%;1;1;600;FALSE;HxSolutionStatus.FEASIBLE;100,00%;1;83;601,733;FALSE;100,00%;0,234;0;0;TRUE;0,00%
big;164-Randomized_edges-0.25-impcol_a.hwb;0;;;;;0,00%;2;93;600;FALSE;HxSolutionStatus.FEASIBLE;200,00%;4;27;601,501;FALSE;400,00%;0,206;7;7;TRUE;0,00%
big;173-Randomized_edges-0.25-lshp_577.hwb;0;;;;;0,00%;3;4;600;FALSE;HxSolutionStatus.FEASIBLE;300,00%;4;205;615,746;FALSE;400,00%;0,577;493;493;TRUE;0,00%
big;175-Randomized_edges-0.25-lund_a.hwb;8;;;;;-88,89%;10;584;600;FALSE;HxSolutionStatus.FEASIBLE;22,22%;18;71;601,999;FALSE;111,11%;8,012;588;600;FALSE;0,00%
big;176-Randomized_edges-0.25-lund_b.hwb;8;;;;;-88,89%;12;73;600;FALSE;HxSolutionStatus.FEASIBLE;44,44%;17;309;602,379;FALSE;100,00%;8,002;323;600;FALSE;0,00%
big;181-Randomized_edges-0.25-nos1.hwb;0;;;;;0,00%;1;18;600;FALSE;HxSolutionStatus.FEASIBLE;100,00%;2;0;601,843;FALSE;200,00%;0,237;0;0;TRUE;0,00%
big;195-Randomized_edges-0.25-shl__200.hwb;1;;;;;-50,00%;2;481;600;FALSE;HxSolutionStatus.FEASIBLE;50,00%;14;632;633,516;FALSE;650,00%;1,012;289;600;FALSE;0,00%
big;196-Randomized_edges-0.25-shl__400.hwb;1;;;;;-50,00%;2;340;600;FALSE;HxSolutionStatus.FEASIBLE;50,00%;8;71;656,813;FALSE;350,00%;1,002;265;600;FALSE;0,00%
big;197-Randomized_edges-0.25-shl____0.hwb;1;;;;;-50,00%;2;72;600;FALSE;HxSolutionStatus.FEASIBLE;50,00%;30;71;603,247;FALSE;1450,00%;1,004;557;602;FALSE;0,00%
big;206-Randomized_edges-0.25-west0167.hwb;1;;;;;-50,00%;2;197;600;FALSE;HxSolutionStatus.FEASIBLE;50,00%;4;49;601,499;FALSE;150,00%;1,002;129;600;FALSE;0,00%
big;223-Randomized_edges-0.5-bcspwr05.hwb;0;;;;;0,00%;2;1;600;FALSE;HxSolutionStatus.FEASIBLE;200,00%;2;249;611,474;FALSE;200,00%;0,443;0;0;TRUE;0,00%
big;231-Randomized_edges-0.5-bcsstk20.hwb;2;;;;;-66,67%;4;74;600;FALSE;HxSolutionStatus.FEASIBLE;66,67%;6;108;603,861;FALSE;133,33%;2,009;558;600;FALSE;0,00%
big;254-Randomized_edges-0.5-dwt__607.hwb;3;;;;;-75,00%;6;551;600;FALSE;HxSolutionStatus.FEASIBLE;75,00%;9;160;636,421;FALSE;150,00%;3,014;527;600;FALSE;0,00%
big;279-Randomized_edges-0.5-lshp_577.hwb;1;;;;;-50,00%;4;1;600;FALSE;HxSolutionStatus.FEASIBLE;150,00%;4;29;601,657;FALSE;150,00%;1,026;596;600;FALSE;0,00%
big;291-Randomized_edges-0.5-nos5.hwb;5;;;;;-83,33%;9;113;600;FALSE;HxSolutionStatus.FEASIBLE;66,67%;15;285;602,161;FALSE;166,67%;5,006;577;600;FALSE;0,00%
big;297-Randomized_edges-0.5-pores_3.hwb;2;;;;;-66,67%;6;32;600;FALSE;HxSolutionStatus.FEASIBLE;133,33%;8;72;616,315;FALSE;200,00%;2,061;599;600;FALSE;0,00%
big;314-Randomized_edges-0.5-west0479.hwb;4;;;;;-80,00%;8;157;600;FALSE;HxSolutionStatus.FEASIBLE;80,00%;17;385;623,006;FALSE;260,00%;4,021;387;600;FALSE;0,00%
big;319-Randomized_edges-0.75-494_bus.hwb;0;;;;;0,00%;1;39;600;FALSE;HxSolutionStatus.FEASIBLE;100,00%;1;477;604,146;FALSE;100,00%;0,494;0;0;TRUE;0,00%
big;323-Randomized_edges-0.75-ash292.hwb;1;;;;;-50,00%;3;25;600;FALSE;HxSolutionStatus.FEASIBLE;100,00%;5;116;602,994;FALSE;200,00%;1,012;495;600;FALSE;0,00%
big;349-Randomized_edges-0.75-dwt__198.hwb;0;;;;;0,00%;2;25;600;FALSE;HxSolutionStatus.FEASIBLE;200,00%;3;82;601,235;FALSE;300,00%;0,198;18;18;TRUE;0,00%
big;384-Randomized_edges-0.75-lshp_265.hwb;0;;;;;0,00%;2;21;600;FALSE;HxSolutionStatus.FEASIBLE;200,00%;3;5;605,957;FALSE;300,00%;0,265;9;9;TRUE;0,00%
big;390-Randomized_edges-0.75-mcca.hwb;84;;;;;-98,82%;84;241;600;FALSE;HxSolutionStatus.FEASIBLE;0,00%;103;492;606,563;FALSE;22,35%;84,006;420;600;FALSE;0,00%
big;393-Randomized_edges-0.75-nos1.hwb;0;;;;;0,00%;1;42;600;FALSE;HxSolutionStatus.FEASIBLE;100,00%;1;4;602,515;FALSE;100,00%;0,237;0;0;TRUE;0,00%
big;423-Randomized_edges-0.75-will199.hwb;0;;;;;0,00%;3;6;600;FALSE;HxSolutionStatus.FEASIBLE;300,00%;4;93;601,875;FALSE;400,00%;0,199;17;17;TRUE;0,00%
big;439-Randomized_vertices-0.15-bcsstk05.hwb;0;;;;;0,00%;0;8;8;TRUE;HxSolutionStatus.OPTIMAL;0,00%;4;472;601,806;FALSE;400,00%;0,153;0;0;TRUE;0,00%
big;443-Randomized_vertices-0.15-bcsstk20.hwb;0;;;;;0,00%;0;79;79;TRUE;HxSolutionStatus.OPTIMAL;0,00%;2;19;610,862;FALSE;200,00%;0,485;0;0;TRUE;0,00%
big;447-Randomized_vertices-0.15-can__161.hwb;0;;;;;0,00%;0;64;64;TRUE;HxSolutionStatus.OPTIMAL;0,00%;2;432;602,463;FALSE;200,00%;0,161;0;0;TRUE;0,00%
big;448-Randomized_vertices-0.15-can__229.hwb;0;;;;;0,00%;0;49;49;TRUE;HxSolutionStatus.OPTIMAL;0,00%;2;18;601,373;FALSE;200,00%;0,229;0;0;TRUE;0,00%
big;457-Randomized_vertices-0.15-dwt__221.hwb;0;;;;;0,00%;0;16;16;TRUE;HxSolutionStatus.OPTIMAL;0,00%;2;40;601,283;FALSE;200,00%;0,221;0;0;TRUE;0,00%
big;464-Randomized_vertices-0.15-dwt__503.hwb;0;;;;;0,00%;2;51;600;FALSE;HxSolutionStatus.FEASIBLE;200,00%;8;122;611,933;FALSE;800,00%;0,503;1;1;TRUE;0,00%
big;465-Randomized_vertices-0.15-dwt__592.hwb;0;;;;;0,00%;3;347;600;FALSE;HxSolutionStatus.FEASIBLE;300,00%;6;33;609,326;FALSE;600,00%;0,592;0;0;TRUE;0,00%
big;466-Randomized_vertices-0.15-dwt__607.hwb;0;;;;;0,00%;2;228;600;FALSE;HxSolutionStatus.FEASIBLE;200,00%;6;89;616,218;FALSE;600,00%;0,607;0;0;TRUE;0,00%
big;47-Randomized_edges-0.15-fs_541_1.hwb;2;;;;;-66,67%;4;418;600;FALSE;HxSolutionStatus.FEASIBLE;66,67%;8;247;602,694;FALSE;200,00%;2,006;432;600;FALSE;0,00%
big;470-Randomized_vertices-0.15-fs_183_1.hwb;0;;;;;0,00%;0;1;1;TRUE;HxSolutionStatus.OPTIMAL;0,00%;1;85;601,281;FALSE;100,00%;0,183;0;0;TRUE;0,00%
big;486-Randomized_vertices-0.15-impcol_e.hwb;0;;;;;0,00%;1;29;600;FALSE;HxSolutionStatus.FEASIBLE;100,00%;6;280;601,962;FALSE;600,00%;0,225;0;0;TRUE;0,00%
big;493-Randomized_vertices-0.15-lund_a.hwb;0;;;;;0,00%;0;22;22;TRUE;HxSolutionStatus.OPTIMAL;0,00%;0;68;68,929;TRUE;0,00%;0,147;0;0;TRUE;0,00%
big;510-Randomized_vertices-0.15-saylr1.hwb;0;;;;;0,00%;1;6;600;FALSE;HxSolutionStatus.FEASIBLE;100,00%;2;3;602,726;FALSE;200,00%;0,238;0;0;TRUE;0,00%
big;512-Randomized_vertices-0.15-sherman4.hwb;0;;;;;0,00%;2;1;600;FALSE;HxSolutionStatus.FEASIBLE;200,00%;4;0;616,681;FALSE;400,00%;0,546;23;23;TRUE;0,00%
big;513-Randomized_vertices-0.15-shl__200.hwb;0;;;;;0,00%;2;3;600;FALSE;HxSolutionStatus.FEASIBLE;200,00%;4;270;616,433;FALSE;400,00%;0,663;2;2;TRUE;0,00%
big;514-Randomized_vertices-0.15-shl__400.hwb;0;;;;;0,00%;1;13;600;FALSE;HxSolutionStatus.FEASIBLE;100,00%;2;350;730,534;FALSE;200,00%;0,663;3;3;TRUE;0,00%
big;515-Randomized_vertices-0.15-shl____0.hwb;0;;;;;0,00%;1;186;600;FALSE;HxSolutionStatus.FEASIBLE;100,00%;3;357;818,167;FALSE;300,00%;0,663;4;4;TRUE;0,00%
big;531-Randomized_vertices-0.25-494_bus.hwb;0;;;;;0,00%;1;1;600;FALSE;HxSolutionStatus.FEASIBLE;100,00%;1;46;603,546;FALSE;100,00%;0,494;0;0;TRUE;0,00%
big;556-Randomized_vertices-0.25-can__445.hwb;0;;;;;0,00%;2;159;600;FALSE;HxSolutionStatus.FEASIBLE;200,00%;6;65;615,418;FALSE;600,00%;0,445;0;0;TRUE;0,00%
big;564-Randomized_vertices-0.25-dwt__234.hwb;0;;;;;0,00%;0;87;87;TRUE;HxSolutionStatus.OPTIMAL;0,00%;1;18;602,016;FALSE;100,00%;0,234;0;0;TRUE;0,00%
big;565-Randomized_vertices-0.25-dwt__245.hwb;0;;;;;0,00%;0;39;39;TRUE;HxSolutionStatus.OPTIMAL;0,00%;1;441;602,479;FALSE;100,00%;0,245;0;0;TRUE;0,00%
big;572-Randomized_vertices-0.25-dwt__607.hwb;0;;;;;0,00%;0;235;235;TRUE;HxSolutionStatus.OPTIMAL;0,00%;7;433;633,521;FALSE;700,00%;0,607;0;0;TRUE;0,00%
big;615-Randomized_vertices-0.25-pores_3.hwb;0;;;;;0,00%;0;85;85;TRUE;HxSolutionStatus.OPTIMAL;0,00%;6;19;615,523;FALSE;600,00%;0,456;0;0;TRUE;0,00%
big;622-Randomized_vertices-0.25-steam1.hwb;0;;;;;0,00%;2;73;600;FALSE;HxSolutionStatus.FEASIBLE;200,00%;6;542;603,718;FALSE;600,00%;0,24;0;0;TRUE;0,00%
big;673-Randomized_vertices-0.5-dwt__310.hwb;0;;;;;0,00%;0;27;27;TRUE;HxSolutionStatus.OPTIMAL;0,00%;2;378;603,615;FALSE;200,00%;0,31;0;0;TRUE;0,00%
big;682-Randomized_vertices-0.5-fs_183_1.hwb;0;;;;;0,00%;0;2;2;TRUE;HxSolutionStatus.OPTIMAL;0,00%;0;5;5,891;TRUE;0,00%;0,183;0;0;TRUE;0,00%
big;708-Randomized_vertices-0.5-mcca.hwb;0;;;;;0,00%;0;5;5;TRUE;HxSolutionStatus.OPTIMAL;0,00%;0;121;121,136;TRUE;0,00%;0,168;0;0;TRUE;0,00%
big;774-Randomized_vertices-0.75-dwt__209.hwb;0;;;;;0,00%;0;0;0;TRUE;HxSolutionStatus.OPTIMAL;0,00%;0;51;51,441;TRUE;0,00%;0,209;0;0;TRUE;0,00%
big;775-Randomized_vertices-0.75-dwt__221.hwb;0;;;;;0,00%;0;0;0;TRUE;HxSolutionStatus.OPTIMAL;0,00%;0;3;3,38;TRUE;0,00%;0,221;0;0;TRUE;0,00%
big;788-Randomized_vertices-0.75-fs_183_1.hwb;0;;;;;0,00%;0;0;0;TRUE;HxSolutionStatus.OPTIMAL;0,00%;0;5;5,294;TRUE;0,00%;0,183;0;0;TRUE;0,00%
big;789-Randomized_vertices-0.75-fs_541_1.hwb;0;;;;;0,00%;0;15;15;TRUE;HxSolutionStatus.OPTIMAL;0,00%;2;38;610,851;FALSE;200,00%;0,541;0;0;TRUE;0,00%
big;792-Randomized_vertices-0.75-gre_216a.hwb;0;;;;;0,00%;0;0;0;TRUE;HxSolutionStatus.OPTIMAL;0,00%;0;31;31,131;TRUE;0,00%;0,216;0;0;TRUE;0,00%
big;800-Randomized_vertices-0.75-impcol_a.hwb;0;;;;;0,00%;0;45;45;TRUE;HxSolutionStatus.OPTIMAL;0,00%;0;223;223,306;TRUE;0,00%;0,206;0;0;TRUE;0,00%
big;814-Randomized_vertices-0.75-mcca.hwb;0;;;;;0,00%;0;1;1;TRUE;HxSolutionStatus.OPTIMAL;0,00%;0;7;7,218;TRUE;0,00%;0,168;0;0;TRUE;0,00%
big;831-Randomized_vertices-0.75-shl__200.hwb;0;;;;;0,00%;0;37;37;TRUE;HxSolutionStatus.OPTIMAL;0,00%;1;573;675,919;FALSE;100,00%;0,663;0;0;TRUE;0,00%
big;832-Randomized_vertices-0.75-shl__400.hwb;0;;;;;0,00%;1;1;600;FALSE;HxSolutionStatus.FEASIBLE;100,00%;2;53;614,247;FALSE;200,00%;0,663;0;0;TRUE;0,00%
big;833-Randomized_vertices-0.75-shl____0.hwb;0;;;;;0,00%;0;10;10;TRUE;HxSolutionStatus.OPTIMAL;0,00%;1;484;615,734;FALSE;100,00%;0,663;0;0;TRUE;0,00%
big;89-Randomized_edges-0.15-shl__200.hwb;0;;;;;0,00%;2;20;600;FALSE;HxSolutionStatus.FEASIBLE;200,00%;7;74;639,113;FALSE;700,00%;0,663;210;210;TRUE;0,00%
big;90-Randomized_edges-0.15-shl__400.hwb;1;;;;;-50,00%;2;25;600;FALSE;HxSolutionStatus.FEASIBLE;50,00%;4;63;686,642;FALSE;150,00%;1,005;82;600;FALSE;0,00%
big;91-Randomized_edges-0.15-shl____0.hwb;1;;;;;-50,00%;2;18;600;FALSE;HxSolutionStatus.FEASIBLE;50,00%;4;492;604,017;FALSE;150,00%;1,002;69;600;FALSE;0,00%
big;complete_046_110x5995_100_20;390;;;;;-99,74%;462;600;600;FALSE;HxSolutionStatus.FEASIBLE;18,41%;458;775;783,629;FALSE;17,39%;390,008;456;600;FALSE;0,00%
big;complete_048_110x5995_100_80;412;;;;;-99,76%;487;597;600;FALSE;HxSolutionStatus.FEASIBLE;18,16%;482;548;608,195;FALSE;16,95%;412,004;502;600;FALSE;0,00%
big;complete_049_110x5995_100_20;394;;;;;-99,75%;459;582;600;FALSE;HxSolutionStatus.FEASIBLE;16,46%;484;731;738,228;FALSE;22,78%;394,007;365;600;FALSE;0,00%
big;complete_051_110x5995_100_80;396;;;;;-99,75%;459;511;600;FALSE;HxSolutionStatus.FEASIBLE;15,87%;469;329;631,77;FALSE;18,39%;396,011;549;600;FALSE;0,00%
big;complete_052_110x5995_100_20;419;;;;;-99,76%;486;574;600;FALSE;HxSolutionStatus.FEASIBLE;15,95%;499;619;627,98;FALSE;19,05%;419,001;482;600;FALSE;0,00%
big;complete_054_110x5995_100_80;392;;;;;-99,75%;451;562;600;FALSE;HxSolutionStatus.FEASIBLE;15,01%;496;346;651,948;FALSE;26,46%;392,003;437;600;FALSE;0,00%
big;complete_094_210x21945_100_20;1612;;;;;-99,94%;1938;598;600;FALSE;HxSolutionStatus.FEASIBLE;20,21%;1857;673;681,112;FALSE;15,19%;1612,006;521;600;FALSE;0,00%
big;complete_100_230x26335_100_20;1998;;;;;-99,95%;2445;559;602;FALSE;HxSolutionStatus.FEASIBLE;22,36%;2281;818;825,371;FALSE;14,16%;1998,003;589;600;FALSE;0,00%
big;complete_102_230x26335_100_80;1935;;;;;-99,95%;2453;566;600;FALSE;HxSolutionStatus.FEASIBLE;26,76%;2295;752;752,873;FALSE;18,60%;1935,001;447;600;FALSE;0,00%
big;complete_103_230x26335_100_20;1986;;;;;-99,95%;2424;561;600;FALSE;HxSolutionStatus.FEASIBLE;22,04%;2323;627;634,583;FALSE;16,96%;1986,007;539;600;FALSE;0,00%
big;complete_105_230x26335_100_80;1905;;;;;-99,95%;2381;552;600;FALSE;HxSolutionStatus.FEASIBLE;24,97%;2307;604;605,179;FALSE;21,09%;1905,012;586;600;FALSE;0,00%
big;complete_106_230x26335_100_20;1995;;;;;-99,95%;2446;582;600;FALSE;HxSolutionStatus.FEASIBLE;22,60%;2314;745;752,99;FALSE;15,98%;1995,01;571;600;FALSE;0,00%
big;complete_107_230x26335_100_50;2995;;;;;-99,97%;3565;584;601;FALSE;HxSolutionStatus.FEASIBLE;19,03%;3377;1213;1235,632;FALSE;12,75%;2995,003;534;600;FALSE;0,00%
big;complete_108_230x26335_100_80;1987;;;;;-99,95%;2439;589;600;FALSE;HxSolutionStatus.FEASIBLE;22,74%;2351;1374;1374,747;FALSE;18,31%;1987,001;403;600;FALSE;0,00%
big;interval_093_210x4415_20_80;9;;;;;-90,00%;25;600;600;FALSE;HxSolutionStatus.FEASIBLE;160,00%;39;604;604,315;FALSE;300,00%;9,001;480;600;FALSE;0,00%
big;interval_102_230x5304_20_80;7;;;;;-87,50%;66;543;600;FALSE;HxSolutionStatus.FEASIBLE;737,50%;47;452;606,055;FALSE;500,00%;7,002;274;600;FALSE;0,00%
big;interval_106_230x22043_80_20;0;;;;;0,00%;1787;552;600;FALSE;HxSolutionStatus.FEASIBLE;178700,00%;495;5266;5273,176;FALSE;49500,00%;0,23;0;0;TRUE;0,00%
big;interval_108_230x21241_80_80;0;;;;;0,00%;1697;596;600;FALSE;HxSolutionStatus.FEASIBLE;169700,00%;1469;607;607,609;FALSE;146900,00%;0,23;0;0;TRUE;0,00%
big;interval_115_250x26281_80_20;0;;;;;0,00%;2113;586;600;FALSE;HxSolutionStatus.FEASIBLE;211300,00%;803;621;628,444;FALSE;80300,00%;0,25;4;4;TRUE;0,00%
big;interval_117_250x25193_80_80;0;;;;;0,00%;2099;525;600;FALSE;HxSolutionStatus.FEASIBLE;209900,00%;1165;614;615,284;FALSE;116500,00%;0,25;1;1;TRUE;0,00%
big;random_084_190x3591_20_80;45;;;;;-97,83%;51;564;600;FALSE;HxSolutionStatus.FEASIBLE;13,04%;75;309;614,867;FALSE;65,22%;45,006;132;600;FALSE;0,00%
big;random_108_230x21068_80_80;1283;;;;;-99,92%;1538;595;600;FALSE;HxSolutionStatus.FEASIBLE;19,86%;1579;859;859,57;FALSE;23,05%;1283,006;557;600;FALSE;0,00%
big;random_115_250x24900_80_20;1553;;;;;-99,94%;1857;590;600;FALSE;HxSolutionStatus.FEASIBLE;19,56%;1813;601;610,182;FALSE;16,73%;1553,005;599;600;FALSE;0,00%
big;random_117_250x24900_80_80;1514;;;;;-99,93%;1823;549;600;FALSE;HxSolutionStatus.FEASIBLE;20,40%;1812;741;742,27;FALSE;19,67%;1514,001;599;600;FALSE;0,00%
huge;124-Randomized_edges-0.25-bcsstk19.hwb;3;;;;;-75,00%;6;8;600;FALSE;HxSolutionStatus.FEASIBLE;75,00%;9;346;635,968;FALSE;150,00%;3,008;443;600;FALSE;0,00%
huge;149-Randomized_edges-0.25-dwt__758.hwb;2;;;;;-66,67%;4;196;600;FALSE;HxSolutionStatus.FEASIBLE;66,67%;6;539;605,249;FALSE;133,33%;2,016;573;600;FALSE;0,00%
huge;150-Randomized_edges-0.25-dwt__878.hwb;2;;;;;-66,67%;4;313;600;FALSE;HxSolutionStatus.FEASIBLE;66,67%;8;82;621,15;FALSE;200,00%;2,061;588;600;FALSE;0,00%
huge;151-Randomized_edges-0.25-dwt__918.hwb;2;;;;;-66,67%;6;2;600;FALSE;HxSolutionStatus.FEASIBLE;133,33%;9;94;676,65;FALSE;233,33%;2,014;563;600;FALSE;0,00%
huge;161-Randomized_edges-0.25-gr_30_30.hwb;3;;;;;-75,00%;4;474;600;FALSE;HxSolutionStatus.FEASIBLE;25,00%;7;87;670,215;FALSE;100,00%;3,002;150;600;FALSE;0,00%
huge;174-Randomized_edges-0.25-lshp_778.hwb;1;;;;;-50,00%;3;490;600;FALSE;HxSolutionStatus.FEASIBLE;100,00%;6;0;603,353;FALSE;250,00%;1,029;557;600;FALSE;0,00%
huge;182-Randomized_edges-0.25-nos2.hwb;0;;;;;0,00%;2;1;600;FALSE;HxSolutionStatus.FEASIBLE;200,00%;2;0;632,466;FALSE;200,00%;0,957;160;160;TRUE;0,00%
huge;187-Randomized_edges-0.25-nos7.hwb;1;;;;;-50,00%;3;50;600;FALSE;HxSolutionStatus.FEASIBLE;100,00%;4;0;646,89;FALSE;150,00%;1,007;508;600;FALSE;0,00%
huge;230-Randomized_edges-0.5-bcsstk19.hwb;4;;;;;-80,00%;7;303;600;FALSE;HxSolutionStatus.FEASIBLE;60,00%;9;658;659,871;FALSE;100,00%;4,006;519;600;FALSE;0,00%
huge;2500soc-sign-epinions.txt;62;;;;;-98,41%;62;527;600;FALSE;HxSolutionStatus.FEASIBLE;0,00%;299;607;635,899;FALSE;376,19%;98,0001;528;601;FALSE;57,14%
huge;255-Randomized_edges-0.5-dwt__758.hwb;2;;;;;-66,67%;6;1;600;FALSE;HxSolutionStatus.FEASIBLE;133,33%;6;455;609,201;FALSE;133,33%;2,066;501;605;FALSE;0,00%
huge;256-Randomized_edges-0.5-dwt__878.hwb;3;;;;;-75,00%;5;199;600;FALSE;HxSolutionStatus.FEASIBLE;50,00%;8;0;674,921;FALSE;125,00%;3,002;557;600;FALSE;0,00%
huge;267-Randomized_edges-0.5-gr_30_30.hwb;3;;;;;-75,00%;5;237;600;FALSE;HxSolutionStatus.FEASIBLE;50,00%;8;0;657,108;FALSE;125,00%;3,011;475;600;FALSE;0,00%
huge;280-Randomized_edges-0.5-lshp_778.hwb;1;;;;;-50,00%;4;1;600;FALSE;HxSolutionStatus.FEASIBLE;150,00%;4;74;644,36;FALSE;150,00%;1,091;564;600;FALSE;0,00%
huge;288-Randomized_edges-0.5-nos2.hwb;0;;;;;0,00%;2;1;600;FALSE;HxSolutionStatus.FEASIBLE;200,00%;2;0;622,667;FALSE;200,00%;0,957;187;187;TRUE;0,00%
huge;336-Randomized_edges-0.75-bcsstk19.hwb;2;;;;;-66,67%;6;7;600;FALSE;HxSolutionStatus.FEASIBLE;133,33%;8;267;633,284;FALSE;200,00%;2,027;216;600;FALSE;0,00%
huge;361-Randomized_edges-0.75-dwt__758.hwb;1;;;;;-50,00%;4;137;600;FALSE;HxSolutionStatus.FEASIBLE;150,00%;6;58;715,289;FALSE;250,00%;1,073;382;600;FALSE;0,00%
huge;362-Randomized_edges-0.75-dwt__878.hwb;2;;;;;-66,67%;5;293;600;FALSE;HxSolutionStatus.FEASIBLE;100,00%;6;81;637,054;FALSE;133,33%;2,008;595;600;FALSE;0,00%
huge;373-Randomized_edges-0.75-gr_30_30.hwb;2;;;;;-66,67%;4;231;600;FALSE;HxSolutionStatus.FEASIBLE;66,67%;6;87;611,553;FALSE;133,33%;2,01;410;600;FALSE;0,00%
huge;386-Randomized_edges-0.75-lshp_778.hwb;1;;;;;-50,00%;3;31;600;FALSE;HxSolutionStatus.FEASIBLE;100,00%;4;59;604,927;FALSE;150,00%;1,002;492;600;FALSE;0,00%
huge;394-Randomized_edges-0.75-nos2.hwb;0;;;;;0,00%;2;1;600;FALSE;HxSolutionStatus.FEASIBLE;200,00%;2;0;630,764;FALSE;200,00%;0,957;71;71;TRUE;0,00%
huge;399-Randomized_edges-0.75-nos7.hwb;1;;;;;-50,00%;3;5;600;FALSE;HxSolutionStatus.FEASIBLE;100,00%;4;0;615,251;FALSE;150,00%;1,001;274;600;FALSE;0,00%
huge;442-Randomized_vertices-0.15-bcsstk19.hwb;0;;;;;0,00%;2;32;600;FALSE;HxSolutionStatus.FEASIBLE;200,00%;6;257;659,496;FALSE;600,00%;0,817;1;1;TRUE;0,00%
huge;467-Randomized_vertices-0.15-dwt__758.hwb;0;;;;;0,00%;0;272;272;TRUE;HxSolutionStatus.OPTIMAL;0,00%;6;57;657,596;FALSE;600,00%;0,758;0;0;TRUE;0,00%
huge;468-Randomized_vertices-0.15-dwt__878.hwb;0;;;;;0,00%;5;3;600;FALSE;HxSolutionStatus.FEASIBLE;500,00%;6;81;642,538;FALSE;600,00%;0,878;2;2;TRUE;0,00%
huge;469-Randomized_vertices-0.15-dwt__918.hwb;0;;;;;0,00%;2;27;600;FALSE;HxSolutionStatus.FEASIBLE;200,00%;8;90;631,627;FALSE;800,00%;0,918;0;0;TRUE;0,00%
huge;479-Randomized_vertices-0.15-gr_30_30.hwb;0;;;;;0,00%;4;22;600;FALSE;HxSolutionStatus.FEASIBLE;400,00%;6;492;672,722;FALSE;600,00%;0,9;0;0;TRUE;0,00%
huge;5000soc-sign-epinions.txt;256;;;;;-99,61%;256;598;600;FALSE;HxSolutionStatus.FEASIBLE;0,00%;833;612;727,55;FALSE;224,51%;260,0001;598;616;FALSE;1,56%
huge;500-Randomized_vertices-0.15-nos2.hwb;0;;;;;0,00%;0;153;153;TRUE;HxSolutionStatus.OPTIMAL;0,00%;2;0;654,783;FALSE;200,00%;0,957;0;0;TRUE;0,00%
huge;548-Randomized_vertices-0.25-bcsstk19.hwb;0;;;;;0,00%;2;190;600;FALSE;HxSolutionStatus.FEASIBLE;200,00%;6;153;612,89;FALSE;600,00%;0,817;1;1;TRUE;0,00%
huge;574-Randomized_vertices-0.25-dwt__878.hwb;0;;;;;0,00%;5;459;600;FALSE;HxSolutionStatus.FEASIBLE;500,00%;6;397;642,687;FALSE;600,00%;0,878;0;0;TRUE;0,00%
huge;575-Randomized_vertices-0.25-dwt__918.hwb;0;;;;;0,00%;3;121;600;FALSE;HxSolutionStatus.FEASIBLE;300,00%;7;90;681,725;FALSE;700,00%;0,918;0;0;TRUE;0,00%
huge;585-Randomized_vertices-0.25-gr_30_30.hwb;0;;;;;0,00%;4;19;600;FALSE;HxSolutionStatus.FEASIBLE;400,00%;6;86;680,735;FALSE;600,00%;0,9;0;0;TRUE;0,00%
huge;606-Randomized_vertices-0.25-nos2.hwb;0;;;;;0,00%;1;3;600;FALSE;HxSolutionStatus.FEASIBLE;100,00%;2;0;678,434;FALSE;200,00%;0,957;0;0;TRUE;0,00%
huge;611-Randomized_vertices-0.25-nos7.hwb;0;;;;;0,00%;3;58;600;FALSE;HxSolutionStatus.FEASIBLE;300,00%;4;0;630,087;FALSE;400,00%;0,729;0;0;TRUE;0,00%
huge;654-Randomized_vertices-0.5-bcsstk19.hwb;0;;;;;0,00%;2;82;600;FALSE;HxSolutionStatus.FEASIBLE;200,00%;6;68;634,044;FALSE;600,00%;0,817;0;0;TRUE;0,00%
huge;679-Randomized_vertices-0.5-dwt__758.hwb;0;;;;;0,00%;4;35;600;FALSE;HxSolutionStatus.FEASIBLE;400,00%;5;60;605,958;FALSE;500,00%;0,758;0;0;TRUE;0,00%
huge;680-Randomized_vertices-0.5-dwt__878.hwb;0;;;;;0,00%;4;34;600;FALSE;HxSolutionStatus.FEASIBLE;400,00%;6;81;633,746;FALSE;600,00%;0,878;0;0;TRUE;0,00%
huge;681-Randomized_vertices-0.5-dwt__918.hwb;0;;;;;0,00%;3;214;600;FALSE;HxSolutionStatus.FEASIBLE;300,00%;6;224;714,986;FALSE;600,00%;0,918;0;0;TRUE;0,00%
huge;691-Randomized_vertices-0.5-gr_30_30.hwb;0;;;;;0,00%;0;77;77;TRUE;HxSolutionStatus.OPTIMAL;0,00%;6;83;656,208;FALSE;600,00%;0,9;0;0;TRUE;0,00%
huge;704-Randomized_vertices-0.5-lshp_778.hwb;0;;;;;0,00%;3;446;600;FALSE;HxSolutionStatus.FEASIBLE;300,00%;4;59;614,554;FALSE;400,00%;0,778;0;0;TRUE;0,00%
huge;712-Randomized_vertices-0.5-nos2.hwb;0;;;;;0,00%;2;1;600;FALSE;HxSolutionStatus.FEASIBLE;200,00%;2;0;642,962;FALSE;200,00%;0,957;0;0;TRUE;0,00%
huge;76-Randomized_edges-0.15-nos2.hwb;0;;;;;0,00%;1;3;600;FALSE;HxSolutionStatus.FEASIBLE;100,00%;2;0;661,987;FALSE;200,00%;0,957;106;106;TRUE;0,00%
huge;out.soc-sign-bitcoinalpha.txt;207;;;;;-99,52%;207;599;600;FALSE;HxSolutionStatus.FEASIBLE;0,00%;838;602;663,747;FALSE;303,37%;978,0001;597;601;FALSE;370,67%
medium;06-Randomized_edges-0.15-ash85.hwb;0;15;3600,02;3600;FALSE;1500,00%;1;5;600;FALSE;HxSolutionStatus.FEASIBLE;100,00%;2;4;601,262;FALSE;200,00%;0,85;0;0;TRUE;0,00%
medium;112-Randomized_edges-0.25-ash85.hwb;0;6;1770,42;3600;FALSE;600,00%;1;65;600;FALSE;HxSolutionStatus.FEASIBLE;100,00%;2;0;601,044;FALSE;200,00%;0,85;0;0;TRUE;0,00%
medium;118-Randomized_edges-0.25-bcsstk01.hwb;1;5;1257,51;3601;FALSE;200,00%;1;79;600;FALSE;HxSolutionStatus.FEASIBLE;0,00%;2;0;601,154;FALSE;50,00%;1,01;0;600;FALSE;0,00%
medium;119-Randomized_edges-0.25-bcsstk02.hwb;150;780;3111,72;3600;FALSE;417,22%;162;399;600;FALSE;HxSolutionStatus.FEASIBLE;7,95%;178;91;608,901;FALSE;18,54%;150,05;396;600;FALSE;0,00%
medium;12-Randomized_edges-0.15-bcsstk01.hwb;1;6;762,35;3601;FALSE;250,00%;1;24;600;FALSE;HxSolutionStatus.FEASIBLE;0,00%;2;0;601,116;FALSE;50,00%;1,01;0;600;FALSE;0,00%
medium;135-Randomized_edges-0.25-can___62.hwb;0;1;3358,52;3600;FALSE;100,00%;0;0;0;TRUE;HxSolutionStatus.OPTIMAL;0,00%;0;9;9,932;TRUE;0,00%;0,62;0;0;TRUE;0,00%
medium;136-Randomized_edges-0.25-curtis54.hwb;0;4;1117,66;3601;FALSE;400,00%;0;110;110;TRUE;HxSolutionStatus.OPTIMAL;0,00%;1;0;601,158;FALSE;100,00%;0,54;0;0;TRUE;0,00%
medium;13-Randomized_edges-0.15-bcsstk02.hwb;99;765;3370,83;3600;FALSE;666,00%;110;366;600;FALSE;HxSolutionStatus.FEASIBLE;11,00%;135;72;613,61;FALSE;36,00%;99,11;341;600;FALSE;0,00%
medium;165-Randomized_edges-0.25-impcol_b.hwb;2;17;2551,63;3601;FALSE;500,00%;3;153;600;FALSE;HxSolutionStatus.FEASIBLE;33,33%;7;21;601,043;FALSE;166,67%;2,16;7;600;FALSE;0,00%
medium;200-Randomized_edges-0.25-steam3.hwb;3;29;3259,01;3600;FALSE;650,00%;4;105;600;FALSE;HxSolutionStatus.FEASIBLE;25,00%;5;118;601,475;FALSE;50,00%;3,05;54;600;FALSE;0,00%
medium;212-Randomized_edges-0.25-will57.hwb;1;5;716,73;3601;FALSE;200,00%;1;1;600;FALSE;HxSolutionStatus.FEASIBLE;0,00%;1;7;601,026;FALSE;0,00%;1,01;0;600;FALSE;0,00%
medium;218-Randomized_edges-0.5-ash85.hwb;0;5;3442,41;3600;FALSE;500,00%;2;2;600;FALSE;HxSolutionStatus.FEASIBLE;200,00%;2;16;601,213;FALSE;200,00%;0,85;1;1;TRUE;0,00%
medium;225-Randomized_edges-0.5-bcsstk02.hwb;205;1010;3003,76;3600;FALSE;390,78%;219;591;600;FALSE;HxSolutionStatus.FEASIBLE;6,80%;241;601;601,892;FALSE;17,48%;205,03;434;600;FALSE;0,00%
medium;241-Randomized_edges-0.5-can___62.hwb;0;3;1348,48;3600;FALSE;300,00%;0;0;0;TRUE;HxSolutionStatus.OPTIMAL;0,00%;0;0;0,228;TRUE;0,00%;0,62;0;0;TRUE;0,00%
medium;306-Randomized_edges-0.5-steam3.hwb;3;29;2689,55;3600;FALSE;650,00%;5;589;600;FALSE;HxSolutionStatus.FEASIBLE;50,00%;6;3;601,266;FALSE;75,00%;3,13;377;600;FALSE;0,00%
medium;324-Randomized_edges-0.75-ash85.hwb;0;5;1413,57;3600;FALSE;500,00%;1;3;600;FALSE;HxSolutionStatus.FEASIBLE;100,00%;1;228;601,16;FALSE;100,00%;0,85;0;0;TRUE;0,00%
medium;330-Randomized_edges-0.75-bcsstk01.hwb;1;9;2387,1;3600;FALSE;400,00%;2;3;600;FALSE;HxSolutionStatus.FEASIBLE;50,00%;2;6;601,033;FALSE;50,00%;1,12;1;600;FALSE;0,00%
medium;331-Randomized_edges-0.75-bcsstk02.hwb;155;922;2540,48;3600;FALSE;491,67%;164;518;600;FALSE;HxSolutionStatus.FEASIBLE;5,77%;187;195;604,95;FALSE;20,51%;155,01;353;600;FALSE;0,00%
medium;347-Randomized_edges-0.75-can___62.hwb;0;2;3600,12;3600;FALSE;200,00%;0;0;0;TRUE;HxSolutionStatus.OPTIMAL;0,00%;0;0;0,063;TRUE;0,00%;0,62;0;0;TRUE;0,00%
medium;348-Randomized_edges-0.75-curtis54.hwb;0;6;1090,25;3602;FALSE;600,00%;0;104;104;TRUE;HxSolutionStatus.OPTIMAL;0,00%;1;0;601,126;FALSE;100,00%;0,54;0;0;TRUE;0,00%
medium;377-Randomized_edges-0.75-impcol_b.hwb;3;23;2838,46;3601;FALSE;500,00%;4;4;600;FALSE;HxSolutionStatus.FEASIBLE;25,00%;5;88;601,01;FALSE;50,00%;3,01;111;600;FALSE;0,00%
medium;424-Randomized_edges-0.75-will57.hwb;1;4;2891,31;3600;FALSE;150,00%;1;1;600;FALSE;HxSolutionStatus.FEASIBLE;0,00%;1;0;601,071;FALSE;0,00%;1,01;0;600;FALSE;0,00%
medium;430-Randomized_vertices-0.15-ash85.hwb;0;3;3531,27;3600;FALSE;300,00%;0;0;0;TRUE;HxSolutionStatus.OPTIMAL;0,00%;0;44;44,395;TRUE;0,00%;0,85;0;0;TRUE;0,00%
medium;432-Randomized_vertices-0.15-bcspwr02.hwb;0;0;1100,03;1100;TRUE;0,00%;0;0;0;TRUE;HxSolutionStatus.OPTIMAL;0,00%;0;0;0,143;TRUE;0,00%;0,49;0;0;TRUE;0,00%
medium;436-Randomized_vertices-0.15-bcsstk01.hwb;0;6;3601,07;3601;FALSE;600,00%;0;10;10;TRUE;HxSolutionStatus.OPTIMAL;0,00%;0;7;7,158;TRUE;0,00%;0,48;0;0;TRUE;0,00%
medium;437-Randomized_vertices-0.15-bcsstk02.hwb;182;702;2082,66;3600;FALSE;284,15%;182;4;600;FALSE;HxSolutionStatus.FEASIBLE;0,00%;190;86;604,371;FALSE;4,37%;182,26;106;600;FALSE;0,00%
medium;453-Randomized_vertices-0.15-can___62.hwb;0;1;3262,41;3600;FALSE;100,00%;0;0;0;TRUE;HxSolutionStatus.OPTIMAL;0,00%;0;0;0,185;TRUE;0,00%;0,62;0;0;TRUE;0,00%
medium;454-Randomized_vertices-0.15-curtis54.hwb;0;3;2296,63;3600;FALSE;300,00%;0;0;0;TRUE;HxSolutionStatus.OPTIMAL;0,00%;0;11;11,547;TRUE;0,00%;0,54;0;0;TRUE;0,00%
medium;483-Randomized_vertices-0.15-impcol_b.hwb;0;13;2883,88;3601;FALSE;1300,00%;0;0;0;TRUE;HxSolutionStatus.OPTIMAL;0,00%;0;123;123,414;TRUE;0,00%;0,59;0;0;TRUE;0,00%
medium;518-Randomized_vertices-0.15-steam3.hwb;0;27;2781,62;3600;FALSE;2700,00%;0;1;1;TRUE;HxSolutionStatus.OPTIMAL;0,00%;0;0;0,488;TRUE;0,00%;0,8;0;0;TRUE;0,00%
medium;530-Randomized_vertices-0.15-will57.hwb;0;2;2632,28;3601;FALSE;200,00%;0;0;0;TRUE;HxSolutionStatus.OPTIMAL;0,00%;0;0;0,187;TRUE;0,00%;0,57;0;0;TRUE;0,00%
medium;536-Randomized_vertices-0.25-ash85.hwb;0;7;1646,81;3600;FALSE;700,00%;0;2;2;TRUE;HxSolutionStatus.OPTIMAL;0,00%;0;111;111,011;TRUE;0,00%;0,85;0;0;TRUE;0,00%
medium;538-Randomized_vertices-0.25-bcspwr02.hwb;0;1;2712,98;3601;FALSE;100,00%;0;0;0;TRUE;HxSolutionStatus.OPTIMAL;0,00%;0;0;0,487;TRUE;0,00%;0,49;0;0;TRUE;0,00%
medium;543-Randomized_vertices-0.25-bcsstk02.hwb;208;803;2987,27;3600;FALSE;284,69%;208;288;600;FALSE;HxSolutionStatus.FEASIBLE;0,00%;218;195;606,295;FALSE;4,78%;208,19;92;600;FALSE;0,00%
medium;559-Randomized_vertices-0.25-can___62.hwb;0;0;2951,34;2951;TRUE;0,00%;0;0;0;TRUE;HxSolutionStatus.OPTIMAL;0,00%;0;0;0,19;TRUE;0,00%;0,62;0;0;TRUE;0,00%
medium;560-Randomized_vertices-0.25-curtis54.hwb;0;4;1026,55;3600;FALSE;400,00%;0;0;0;TRUE;HxSolutionStatus.OPTIMAL;0,00%;0;0;0,181;TRUE;0,00%;0,54;0;0;TRUE;0,00%
medium;589-Randomized_vertices-0.25-impcol_b.hwb;0;13;2438,27;3602;FALSE;1300,00%;0;0;0;TRUE;HxSolutionStatus.OPTIMAL;0,00%;0;0;0,264;TRUE;0,00%;0,59;0;0;TRUE;0,00%
medium;59-Randomized_edges-0.15-impcol_b.hwb;2;16;1804,7;3600;FALSE;466,67%;2;9;600;FALSE;HxSolutionStatus.FEASIBLE;0,00%;4;355;601,033;FALSE;66,67%;2,01;9;600;FALSE;0,00%
medium;624-Randomized_vertices-0.25-steam3.hwb;0;11;2727,22;3600;FALSE;1100,00%;0;0;0;TRUE;HxSolutionStatus.OPTIMAL;0,00%;0;0;0,019;TRUE;0,00%;0,8;0;0;TRUE;0,00%
medium;636-Randomized_vertices-0.25-will57.hwb;0;5;2033,58;3600;FALSE;500,00%;0;0;0;TRUE;HxSolutionStatus.OPTIMAL;0,00%;0;0;0,219;TRUE;0,00%;0,57;0;0;TRUE;0,00%
medium;642-Randomized_vertices-0.5-ash85.hwb;0;6;1676,59;3600;FALSE;600,00%;0;1;1;TRUE;HxSolutionStatus.OPTIMAL;0,00%;0;0;0,487;TRUE;0,00%;0,85;0;0;TRUE;0,00%
medium;648-Randomized_vertices-0.5-bcsstk01.hwb;0;5;837,89;3601;FALSE;500,00%;0;0;0;TRUE;HxSolutionStatus.OPTIMAL;0,00%;0;0;0,138;TRUE;0,00%;0,48;0;0;TRUE;0,00%
medium;649-Randomized_vertices-0.5-bcsstk02.hwb;0;1003;3390,96;3600;FALSE;100300,00%;270;137;600;FALSE;HxSolutionStatus.FEASIBLE;27000,00%;32;9;606,899;FALSE;3200,00%;0,66;0;0;TRUE;0,00%
medium;666-Randomized_vertices-0.5-curtis54.hwb;0;6;853,68;3601;FALSE;600,00%;0;0;0;TRUE;HxSolutionStatus.OPTIMAL;0,00%;0;0;0,402;TRUE;0,00%;0,54;0;0;TRUE;0,00%
medium;695-Randomized_vertices-0.5-impcol_b.hwb;0;19;1569,59;3602;FALSE;1900,00%;0;0;0;TRUE;HxSolutionStatus.OPTIMAL;0,00%;0;0;0,253;TRUE;0,00%;0,59;0;0;TRUE;0,00%
medium;742-Randomized_vertices-0.5-will57.hwb;0;3;2596,57;3601;FALSE;300,00%;0;0;0;TRUE;HxSolutionStatus.OPTIMAL;0,00%;0;0;0,069;TRUE;0,00%;0,57;0;0;TRUE;0,00%
medium;750-Randomized_vertices-0.75-bcspwr02.hwb;0;0;1746,19;1746;TRUE;0,00%;0;0;0;TRUE;HxSolutionStatus.OPTIMAL;0,00%;0;0;0,009;TRUE;0,00%;0,49;0;0;TRUE;0,00%
medium;754-Randomized_vertices-0.75-bcsstk01.hwb;0;4;3600,13;3600;FALSE;400,00%;0;0;0;TRUE;HxSolutionStatus.OPTIMAL;0,00%;0;0;0,061;TRUE;0,00%;0,48;0;0;TRUE;0,00%
medium;755-Randomized_vertices-0.75-bcsstk02.hwb;0;743;3072,16;3600;FALSE;74300,00%;0;1;1;TRUE;HxSolutionStatus.OPTIMAL;0,00%;0;0;0,022;TRUE;0,00%;0,66;0;0;TRUE;0,00%
medium;771-Randomized_vertices-0.75-can___62.hwb;0;0;1940,11;1940;TRUE;0,00%;0;0;0;TRUE;HxSolutionStatus.OPTIMAL;0,00%;0;0;0,034;TRUE;0,00%;0,62;0;0;TRUE;0,00%
medium;772-Randomized_vertices-0.75-curtis54.hwb;0;2;689,6;3601;FALSE;200,00%;0;0;0;TRUE;HxSolutionStatus.OPTIMAL;0,00%;0;0;0,019;TRUE;0,00%;0,54;0;0;TRUE;0,00%
medium;801-Randomized_vertices-0.75-impcol_b.hwb;0;8;3053,26;3600;FALSE;800,00%;0;0;0;TRUE;HxSolutionStatus.OPTIMAL;0,00%;0;0;0,067;TRUE;0,00%;0,59;0;0;TRUE;0,00%
medium;848-Randomized_vertices-0.75-will57.hwb;0;0;2662,64;2663;TRUE;0,00%;0;0;0;TRUE;HxSolutionStatus.OPTIMAL;0,00%;0;0;0,009;TRUE;0,00%;0,57;0;0;TRUE;0,00%
medium;94-Randomized_edges-0.15-steam3.hwb;2;10;984,48;3600;FALSE;266,67%;3;12;600;FALSE;HxSolutionStatus.FEASIBLE;33,33%;4;116;601,285;FALSE;66,67%;2,03;231;600;FALSE;0,00%
medium;complete_019_50x1225_100_20;69;153;3600,36;3600;FALSE;120,00%;69;380;600;FALSE;HxSolutionStatus.FEASIBLE;0,00%;83;314;603,482;FALSE;20,00%;69,12;591;600;FALSE;0,00%
medium;complete_021_50x1225_100_80;70;161;3148,65;3600;FALSE;128,17%;75;44;600;FALSE;HxSolutionStatus.FEASIBLE;7,04%;82;284;602,597;FALSE;16,90%;70,07;242;600;FALSE;0,00%
medium;complete_022_50x1225_100_20;68;146;3600,22;3600;FALSE;113,04%;71;317;600;FALSE;HxSolutionStatus.FEASIBLE;4,35%;84;205;602,888;FALSE;23,19%;68,06;114;600;FALSE;0,00%
medium;complete_024_50x1225_100_80;69;151;3600,24;3600;FALSE;117,14%;69;232;600;FALSE;HxSolutionStatus.FEASIBLE;0,00%;80;97;601,574;FALSE;15,71%;69,02;357;600;FALSE;0,00%
medium;complete_025_50x1225_100_20;68;151;3138;3600;FALSE;120,29%;75;108;600;FALSE;HxSolutionStatus.FEASIBLE;10,14%;84;392;602,726;FALSE;23,19%;68,08;91;600;FALSE;0,00%
medium;complete_027_50x1225_100_80;69;158;3600,27;3600;FALSE;127,14%;76;114;600;FALSE;HxSolutionStatus.FEASIBLE;10,00%;86;563;601,239;FALSE;24,29%;69,02;166;600;FALSE;0,00%
medium;complete_031_70x2415_100_20;149;834;3481,86;3600;FALSE;456,67%;156;543;600;FALSE;HxSolutionStatus.FEASIBLE;4,67%;185;98;619,1;FALSE;24,00%;149,12;541;600;FALSE;0,00%
medium;complete_037_90x4005_100_20;253;1740;10800,2;10801;FALSE;585,43%;287;599;600;FALSE;HxSolutionStatus.FEASIBLE;13,39%;318;642;650,41;FALSE;25,59%;253,08;200;600;FALSE;0,00%
medium;interval_019_50x260_20_20;0;12;3487,22;3600;FALSE;1200,00%;1;4;600;FALSE;HxSolutionStatus.FEASIBLE;100,00%;0;44;44,322;TRUE;0,00%;0,5;1;1;TRUE;0,00%
medium;interval_024_50x609_50_80;1;39;3140,46;3600;FALSE;1900,00%;2;394;600;FALSE;HxSolutionStatus.FEASIBLE;50,00%;3;98;601,091;FALSE;100,00%;1,09;15;600;FALSE;0,00%
medium;interval_028_70x482_20_20;0;58;1905,66;3600;FALSE;5800,00%;2;239;600;FALSE;HxSolutionStatus.FEASIBLE;200,00%;2;9;601,056;FALSE;200,00%;0,7;0;0;TRUE;0,00%
medium;interval_030_70x496_20_80;0;65;2004,43;3600;FALSE;6500,00%;1;8;600;FALSE;HxSolutionStatus.FEASIBLE;100,00%;0;344;344,658;TRUE;0,00%;0,7;0;0;TRUE;0,00%
medium;interval_032_70x1217_50_50;0;308;3366,83;3600;FALSE;30800,00%;63;458;600;FALSE;HxSolutionStatus.FEASIBLE;6300,00%;7;304;601,117;FALSE;700,00%;0,7;0;0;TRUE;0,00%
medium;interval_035_70x1979_80_50;0;1050;2901,22;3600;FALSE;105000,00%;180;527;600;FALSE;HxSolutionStatus.FEASIBLE;18000,00%;11;464;606,259;FALSE;1100,00%;0,7;0;0;TRUE;0,00%
medium;interval_036_70x1938_80_80;0;581;2551,11;3600;FALSE;58100,00%;31;101;600;FALSE;HxSolutionStatus.FEASIBLE;3100,00%;7;599;601,406;FALSE;700,00%;0,7;0;0;TRUE;0,00%
medium;interval_037_90x827_20_20;0;39;7276,16;10800;FALSE;3900,00%;4;590;600;FALSE;HxSolutionStatus.FEASIBLE;400,00%;2;8;601,232;FALSE;200,00%;0,9;0;0;TRUE;0,00%
medium;interval_038_90x799_20_50;2;168;3346,92;3600;FALSE;5533,33%;4;148;600;FALSE;HxSolutionStatus.FEASIBLE;66,67%;4;377;601,36;FALSE;66,67%;2,03;2;600;FALSE;0,00%
medium;interval_041_90x2073_50_50;0;875;10800,1;10800;FALSE;87500,00%;101;576;600;FALSE;HxSolutionStatus.FEASIBLE;10100,00%;14;395;605,227;FALSE;1400,00%;0,9;0;0;TRUE;0,00%
medium;interval_043_90x3088_80_20;16;1128;3600,1;3600;FALSE;6541,18%;170;465;600;FALSE;HxSolutionStatus.FEASIBLE;905,88%;47;173;631,359;FALSE;182,35%;16,03;24;600;FALSE;0,00%
medium;interval_044_90x3303_80_50;0;1739;10737,86;10800;FALSE;173900,00%;337;429;600;FALSE;HxSolutionStatus.FEASIBLE;33700,00%;23;444;622,266;FALSE;2300,00%;0,9;0;0;TRUE;0,00%
medium;interval_045_90x3226_80_80;0;1197;10800,16;10800;FALSE;119700,00%;217;407;600;FALSE;HxSolutionStatus.FEASIBLE;21700,00%;19;570;604,885;FALSE;1900,00%;0,9;0;0;TRUE;0,00%
medium;random_019_50x245_20_20;1;9;736,94;3601;FALSE;400,00%;2;16;600;FALSE;HxSolutionStatus.FEASIBLE;50,00%;3;166;601,124;FALSE;100,00%;1,07;17;600;FALSE;0,00%
medium;random_021_50x245_20_80;1;9;819,92;3601;FALSE;400,00%;2;29;600;FALSE;HxSolutionStatus.FEASIBLE;50,00%;4;22;601,011;FALSE;150,00%;1,1;170;600;FALSE;0,00%
medium;random_024_50x612_50_80;15;42;3151,11;3600;FALSE;168,75%;15;62;600;FALSE;HxSolutionStatus.FEASIBLE;0,00%;20;22;601,13;FALSE;31,25%;15,09;200;600;FALSE;0,00%
medium;random_028_70x483_20_20;3;43;1863,16;3600;FALSE;1000,00%;4;341;600;FALSE;HxSolutionStatus.FEASIBLE;25,00%;8;22;601,044;FALSE;125,00%;3,12;458;600;FALSE;0,00%
medium;random_030_70x483_20_80;4;51;1625,09;3600;FALSE;940,00%;5;85;600;FALSE;HxSolutionStatus.FEASIBLE;20,00%;8;41;601,283;FALSE;80,00%;4,01;116;600;FALSE;0,00%
medium;random_032_70x1207_50_50;50;298;2427,69;3600;FALSE;486,27%;55;403;600;FALSE;HxSolutionStatus.FEASIBLE;9,80%;71;90;602,953;FALSE;41,18%;50,14;285;600;FALSE;0,00%
medium;random_035_70x1932_80_50;148;960;3033,23;3600;FALSE;544,97%;164;488;600;FALSE;HxSolutionStatus.FEASIBLE;10,74%;179;233;601,558;FALSE;20,81%;148,09;587;600;FALSE;0,00%
medium;random_036_70x1932_80_80;94;642;3014,44;3600;FALSE;576,84%;100;406;600;FALSE;HxSolutionStatus.FEASIBLE;6,32%;113;86;602,962;FALSE;20,00%;94,07;148;600;FALSE;0,00%
medium;random_037_90x801_20_20;6;147;3600,04;3600;FALSE;2014,29%;8;171;600;FALSE;HxSolutionStatus.FEASIBLE;28,57%;15;13;601,533;FALSE;128,57%;6,03;168;600;FALSE;0,00%
medium;random_038_90x801_20_50;12;195;10800,03;10800;FALSE;1407,69%;14;300;600;FALSE;HxSolutionStatus.FEASIBLE;15,38%;22;42;601,389;FALSE;76,92%;12,03;356;600;FALSE;0,00%
medium;random_041_90x2002_50_50;101;783;10800,12;10800;FALSE;668,63%;105;496;600;FALSE;HxSolutionStatus.FEASIBLE;3,92%;125;152;601,706;FALSE;23,53%;101,08;484;600;FALSE;0,00%
medium;random_042_90x2002_50_80;59;540;3609,78;3610;FALSE;801,67%;61;566;600;FALSE;HxSolutionStatus.FEASIBLE;3,33%;79;449;602,472;FALSE;33,33%;59,02;36;600;FALSE;0,00%
medium;random_043_90x3204_80_20;173;1325;10800,14;10800;FALSE;662,07%;187;583;600;FALSE;HxSolutionStatus.FEASIBLE;8,05%;219;624;629,762;FALSE;26,44%;173,02;208;600;FALSE;0,00%
medium;random_044_90x3204_80_50;256;1600;10800,22;10801;FALSE;522,96%;290;579;600;FALSE;HxSolutionStatus.FEASIBLE;13,23%;307;471;617,071;FALSE;19,84%;256,05;301;600;FALSE;0,00%
medium;random_045_90x3204_80_80;167;1281;10800,31;10800;FALSE;663,10%;188;378;600;FALSE;HxSolutionStatus.FEASIBLE;12,50%;203;379;605,817;FALSE;21,43%;167,14;531;600;FALSE;0,00%
small;163-Randomized_edges-0.25-ibm32.hwb;0;3;184,58;3600;FALSE;300,00%;0;15;15;TRUE;HxSolutionStatus.OPTIMAL;0,00%;0;45;45,25;TRUE;0,00%;0,32;0;0;TRUE;0,00%
small;190-Randomized_edges-0.25-pores_1.hwb;1;4;371,93;3600;FALSE;150,00%;1;1;600;FALSE;HxSolutionStatus.FEASIBLE;0,00%;1;4;601,075;FALSE;0,00%;1,01;0;600;FALSE;0,00%
small;269-Randomized_edges-0.5-ibm32.hwb;0;5;199,85;3600;FALSE;500,00%;0;13;13;TRUE;HxSolutionStatus.OPTIMAL;0,00%;1;0;601,045;FALSE;100,00%;0,32;0;0;TRUE;0,00%
small;346-Randomized_edges-0.75-can___24.hwb;0;2;46,44;3600;FALSE;200,00%;0;5;5;TRUE;HxSolutionStatus.OPTIMAL;0,00%;0;60;60,205;TRUE;0,00%;0,24;0;0;TRUE;0,00%
small;402-Randomized_edges-0.75-pores_1.hwb;1;4;226,33;3600;FALSE;150,00%;1;1;600;FALSE;HxSolutionStatus.FEASIBLE;0,00%;1;0;601,068;FALSE;0,00%;1,02;0;600;FALSE;0,00%
small;487-Randomized_vertices-0.15-jgl011.hwb;4;4;4,48;2857;TRUE;0,00%;4;1;600;TRUE;HxSolutionStatus.FEASIBLE;0,00%;4;0;601,009;TRUE;0,00%;4,02;0;600;TRUE;0,00%
small;508-Randomized_vertices-0.15-pores_1.hwb;0;2;116,47;3600;FALSE;200,00%;0;0;0;TRUE;HxSolutionStatus.OPTIMAL;0,00%;0;0;0,078;TRUE;0,00%;0,3;0;0;TRUE;0,00%
small;558-Randomized_vertices-0.25-can___24.hwb;0;0;911,28;911;TRUE;0,00%;0;0;0;TRUE;HxSolutionStatus.OPTIMAL;0,00%;0;0;0,074;TRUE;0,00%;0,24;0;0;TRUE;0,00%
small;587-Randomized_vertices-0.25-ibm32.hwb;0;3;142,6;3600;FALSE;300,00%;0;0;0;TRUE;HxSolutionStatus.OPTIMAL;0,00%;0;0;0,173;TRUE;0,00%;0,32;0;0;TRUE;0,00%
small;614-Randomized_vertices-0.25-pores_1.hwb;0;2;173,5;3600;FALSE;200,00%;0;0;0;TRUE;HxSolutionStatus.OPTIMAL;0,00%;0;0;0,068;TRUE;0,00%;0,3;0;0;TRUE;0,00%
small;664-Randomized_vertices-0.5-can___24.hwb;0;0;282,39;282;TRUE;0,00%;0;0;0;TRUE;HxSolutionStatus.OPTIMAL;0,00%;0;0;0,013;TRUE;0,00%;0,24;0;0;TRUE;0,00%
small;699-Randomized_vertices-0.5-jgl011.hwb;0;0;0,44;0;TRUE;0,00%;0;0;0;TRUE;HxSolutionStatus.OPTIMAL;0,00%;0;0;0,003;TRUE;0,00%;0,11;0;0;TRUE;0,00%
small;720-Randomized_vertices-0.5-pores_1.hwb;0;3;169,32;3600;FALSE;300,00%;0;0;0;TRUE;HxSolutionStatus.OPTIMAL;0,00%;0;0;0,005;TRUE;0,00%;0,3;0;0;TRUE;0,00%
small;770-Randomized_vertices-0.75-can___24.hwb;0;0;239,11;239;TRUE;0,00%;0;0;0;TRUE;HxSolutionStatus.OPTIMAL;0,00%;0;0;0,01;TRUE;0,00%;0,24;0;0;TRUE;0,00%
small;complete_001_10x45_100_20;0;0;22,8;22;TRUE;0,00%;0;0;0;TRUE;HxSolutionStatus.OPTIMAL;0,00%;0;0;0,022;TRUE;0,00%;0,1;0;0;TRUE;0,00%
small;complete_003_10x45_100_80;2;2;10,82;47;TRUE;0,00%;2;1;600;TRUE;HxSolutionStatus.FEASIBLE;0,00%;2;0;601,005;TRUE;0,00%;2,04;0;600;TRUE;0,00%
small;complete_004_10x45_100_20;2;2;5,41;122;TRUE;0,00%;2;1;600;TRUE;HxSolutionStatus.FEASIBLE;0,00%;3;0;601,013;FALSE;33,33%;2,02;0;600;TRUE;0,00%
small;complete_006_10x45_100_80;1;1;15,18;27;TRUE;0,00%;1;1;600;TRUE;HxSolutionStatus.FEASIBLE;0,00%;1;0;601,01;TRUE;0,00%;1,05;0;600;TRUE;0,00%
small;complete_007_10x45_100_20;0;0;0,74;0;TRUE;0,00%;0;0;0;TRUE;HxSolutionStatus.OPTIMAL;0,00%;0;0;0,017;TRUE;0,00%;0,1;0;0;TRUE;0,00%
small;complete_009_10x45_100_80;1;1;2,63;21;TRUE;0,00%;1;1;600;TRUE;HxSolutionStatus.FEASIBLE;0,00%;1;0;601,002;TRUE;0,00%;1,02;0;600;TRUE;0,00%
small;complete_010_30x435_100_20;22;49;1732,69;3600;FALSE;117,39%;22;118;600;FALSE;HxSolutionStatus.FEASIBLE;0,00%;27;88;601,351;FALSE;21,74%;22,01;9;600;FALSE;0,00%
small;complete_012_30x435_100_80;22;45;1988,89;3600;FALSE;100,00%;23;417;600;FALSE;HxSolutionStatus.FEASIBLE;4,35%;25;94;601,05;FALSE;13,04%;22,04;31;600;FALSE;0,00%
small;complete_013_30x435_100_20;20;52;1897,27;3600;FALSE;152,38%;21;179;600;FALSE;HxSolutionStatus.FEASIBLE;4,76%;24;166;601,168;FALSE;19,05%;20,04;274;600;FALSE;0,00%
small;complete_015_30x435_100_80;21;44;1415,36;3600;FALSE;104,55%;21;245;600;FALSE;HxSolutionStatus.FEASIBLE;0,00%;23;554;601,309;FALSE;9,09%;21,01;186;600;FALSE;0,00%
small;complete_016_30x435_100_20;18;51;2071,38;3600;FALSE;173,68%;18;183;600;FALSE;HxSolutionStatus.FEASIBLE;0,00%;23;61;601,411;FALSE;26,32%;18,04;54;600;FALSE;0,00%
small;complete_018_30x435_100_80;21;49;1924,23;3600;FALSE;127,27%;22;47;600;FALSE;HxSolutionStatus.FEASIBLE;4,55%;24;56;601,025;FALSE;13,64%;21,06;75;600;FALSE;0,00%
small;interval_002_10x8_20_50;0;0;0,17;0;TRUE;0,00%;0;0;0;TRUE;HxSolutionStatus.OPTIMAL;0,00%;0;0;0,002;TRUE;0,00%;0,1;0;0;TRUE;0,00%
small;interval_004_10x21_50_20;0;0;0,37;0;TRUE;0,00%;0;0;0;TRUE;HxSolutionStatus.OPTIMAL;0,00%;0;0;0,013;TRUE;0,00%;0,1;0;0;TRUE;0,00%
small;interval_005_10x25_50_50;0;0;1,72;1;TRUE;0,00%;0;0;0;TRUE;HxSolutionStatus.OPTIMAL;0,00%;0;0;0,015;TRUE;0,00%;0,1;0;0;TRUE;0,00%
small;interval_007_10x34_80_20;0;0;5,81;5;TRUE;0,00%;0;0;0;TRUE;HxSolutionStatus.OPTIMAL;0,00%;1;0;601,014;FALSE;100,00%;0,1;0;0;TRUE;0,00%
small;interval_011_30x85_20_50;0;4;52,65;3600;FALSE;400,00%;0;1;1;TRUE;HxSolutionStatus.OPTIMAL;0,00%;0;0;0,077;TRUE;0,00%;0,3;0;0;TRUE;0,00%
small;interval_012_30x83_20_80;0;2;168,94;3600;FALSE;200,00%;0;0;0;TRUE;HxSolutionStatus.OPTIMAL;0,00%;0;0;0,086;TRUE;0,00%;0,3;0;0;TRUE;0,00%
small;interval_013_30x227_50_20;0;16;178,69;3600;FALSE;1600,00%;0;1;1;TRUE;HxSolutionStatus.OPTIMAL;0,00%;0;111;111,683;TRUE;0,00%;0,3;0;0;TRUE;0,00%
small;interval_016_30x348_80_20;0;30;237,26;3600;FALSE;3000,00%;0;3;3;TRUE;HxSolutionStatus.OPTIMAL;0,00%;1;46;601,022;FALSE;100,00%;0,3;0;0;TRUE;0,00%
small;interval_018_30x348_80_80;0;26;2116,9;3600;FALSE;2600,00%;0;69;69;TRUE;HxSolutionStatus.OPTIMAL;0,00%;1;32;601,024;FALSE;100,00%;0,3;0;0;TRUE;0,00%
small;out.moreno_sampson_sampson;5;8;1235;3600;FALSE;50,00%;5;1;600;FALSE;HxSolutionStatus.FEASIBLE;0,00%;5;7;601,013;FALSE;0,00%;5,01;12;600;FALSE;0,00%
small;random_002_10x9_20_50;0;0;0,3;0;TRUE;0,00%;0;0;0;TRUE;HxSolutionStatus.OPTIMAL;0,00%;0;0;0,002;TRUE;0,00%;0,1;0;0;TRUE;0,00%
small;random_004_10x22_50_20;0;0;9,3;9;TRUE;0,00%;0;0;0;TRUE;HxSolutionStatus.OPTIMAL;0,00%;0;0;0,011;TRUE;0,00%;0,1;0;0;TRUE;0,00%
small;random_008_10x36_80_50;0;0;9,58;9;TRUE;0,00%;0;0;0;TRUE;HxSolutionStatus.OPTIMAL;0,00%;0;0;0,033;TRUE;0,00%;0,1;0;0;TRUE;0,00%
small;random_010_30x87_20_20;0;1;278,54;3600;FALSE;100,00%;0;21;21;TRUE;HxSolutionStatus.OPTIMAL;0,00%;0;17;17,88;TRUE;0,00%;0,3;0;0;TRUE;0,00%
small;random_012_30x87_20_80;0;3;197,34;3600;FALSE;300,00%;0;20;20;TRUE;HxSolutionStatus.OPTIMAL;0,00%;1;0;601,024;FALSE;100,00%;0,3;0;0;TRUE;0,00%
small;random_013_30x217_50_20;4;17;182,27;3600;FALSE;260,00%;4;320;600;FALSE;HxSolutionStatus.FEASIBLE;0,00%;6;37;601,128;FALSE;40,00%;4,03;373;600;FALSE;0,00%
small;random_014_30x217_50_50;7;21;207,17;3600;FALSE;175,00%;7;15;600;FALSE;HxSolutionStatus.FEASIBLE;0,00%;9;13;601,024;FALSE;25,00%;7,01;26;600;FALSE;0,00%
small;random_016_30x348_80_20;13;38;266,66;3600;FALSE;178,57%;13;101;600;FALSE;HxSolutionStatus.FEASIBLE;0,00%;17;5;601,049;FALSE;28,57%;13,01;148;600;FALSE;0,00%
small;random_018_30x348_80_80;12;34;1337,23;3600;FALSE;169,23%;12;8;600;FALSE;HxSolutionStatus.FEASIBLE;0,00%;14;9;601,186;FALSE;15,38%;12,01;25;600;FALSE;0,00%
;;;194,69;2405,25;3631,01;23;23;154,43;161,36;416,76;90;;114;140,71;194,16;505,98;67;72;103,82;141,94;274,9;153;266
;;;;;;;61,66;;;;;;33,69;;;;;16,41;;;;;0,02
;;;Error;TTB;Cpu T.;;Desv;Error;TTB;Cpu T.;;;Desv;Error;TTB;Cpu T.;;Desv;Error;TTB;Cpu T.;;Desv
;;;Gurobi;;;;;Hexaly;;;;;;MAB;;;;;BVNS;;;;
